variant,n,k,time_s,rss_kb
standard,50365,300,0.340981951,1061028
two-pass,50365,300,0.258414597,890032
standard,100516,300,0.758496171,1301976
two-pass,100516,300,0.625986609,895512
standard,250816,300,2.089447669,2024072
two-pass,250816,300,1.806871391,911932
standard,300894,300,2.284371416,2268724
two-pass,300894,300,2.754551095,858932
standard,501155,300,5.821897914,3226864
two-pass,501155,300,4.577072672,939280
