variant,n,k,time_s,rss_kb
standard,50365,200,0.623884495,6660608
two-pass,50365,200,0.519510597,6570300
standard,100516,200,6.48889446,6823192
two-pass,100516,200,3.881812333,6511420
standard,150632,200,3.17394934,6987668
